time	e_tot	e_0	e_1	e_2
0.0	250.0	50.0	200.0	
0.00012984155752829537	250.0	50.0	200.0	
0.00019694826925230363	250.0	49.84632546498274	200.15367453501727	
0.0019984229375815473	250.0	50.93095764617408	199.06904235382592	
0.0021100067728566907	250.0	50.930957646174086	199.06904235382592	
0.0031278656025212795	250.0	52.56231154042708	197.43768845957294	
0.003855907098737965	249.99999999999997	52.56231154042708	197.43768845957288	
0.003879257716621017	249.99999999999997	52.56231154042708	197.4376884595729	
0.003886988086866767	249.99999999999997	52.56231154042708	197.4376884595729	
0.004155410364570316	249.99999999999997	53.036681201886005	196.963318798114	
0.004598393081111239	249.99999999999997	52.75713708877256	197.24286291122743	
0.005503036132372341	250.0000000000001	52.75713708877256	197.24286291122755	
0.005690832216859163	250.0000000000001	53.66271012428718	196.33728987571294	
0.006169043722705031	250.00000000000009	54.166789801966345	195.83321019803375	
0.0063538250073605935	250.00000000000003	54.94603165768864	195.0539683423114	
0.006748821696473011	250.00000000000003	54.94603165768864	195.05396834231138	
0.006760350293137327	250.00000000000003	55.584749985726404	194.41525001427362	
0.008181784939367932	250.00000000000003	56.256126948814234	193.7438730511858	
0.00941009352042377	250.00000000000034	56.256126948814234	193.7438730511861	
0.009706916861738484	250.00000000000037	56.256126948814234	193.74387305118614	
0.010976678163149574	250.00000000000037	56.256126948814234	193.74387305118614	
0.013191584048234421	250.00000000000037	56.256126948814234	193.74387305118614	
0.013948623428264278	250.00000000000037	56.23958346423045	193.76041653576993	
0.014558502821396029	250.00000000000037	56.23958346423045	193.76041653576993	
0.015014200750094884	250.00000000000037	55.86948355872702	194.1305164412734	
0.01554112725817961	250.00000000000028	57.622508036789775	192.37749196321056	
0.01596656310541989	250.00000000000028	58.887874982272415	191.11212501772786	
0.01617981248202842	250.00000000000023	58.887874982272365	191.11212501772786	
0.0161947621680071	250.00000000000023	58.887874982272365	191.11212501772786	
0.017613089369587834	250.0000000000003	58.887874982272365	191.11212501772798	
0.018094278579941968	250.0000000000003	58.887874982272365	191.11212501772798	
0.01828502490205793	250.00000000000034	58.5337001505181	191.46629984948225	
0.020410258091683942	250.0000000000002	58.5337001505181	191.46629984948214	
0.021097440103435384	250.0000000000002	58.5337001505181	191.46629984948214	
0.022344271642389515	250.0000000000002	58.5337001505181	191.46629984948214	
0.022567857021890465	250.00000000000023	59.847447482744464	190.15255251725583	
0.023897995204353126	250.00000000000023	59.84744748274445	190.15255251725583	
0.024624806942247692	250.00000000000023	59.84744748274445	190.15255251725583	
0.02479668762986375	250.00000000000023	61.28791873297752	188.71208126702277	
0.025770222049100597	250.00000000000023	61.28791873297753	188.71208126702277	
0.02633157543271172	250.00000000000026	61.28791873297753	188.71208126702277	
0.0265975236425268	250.0000000000003	61.78123506823217	188.21876493176816	
0.026792854788585254	250.0000000000003	61.78123506823217	188.21876493176816	
0.02724803487690182	250.00000000000034	63.504051491267624	186.49594850873277	
0.027274268373111338	250.0000000000003	63.504051491267624	186.49594850873268	
0.02763167238639088	250.0000000000003	65.0745817218292	184.92541827817115	
0.02785514022711712	250.0000000000004	66.11872603347192	183.8812739665285	
0.027893418526440783	250.0000000000004	67.04784742886841	182.95215257113202	
0.03004183795184434	250.00000000000034	68.44582505205241	181.55417494794798	
0.030453088442780805	250.0000000000003	69.1762176827165	180.82378231728387	
0.030768486262604658	250.00000000000028	70.09310374511068	179.90689625488963	
0.03182470536075156	250.0000000000006	70.09310374511068	179.90689625488994	
0.03293739370913131	250.0000000000006	70.09310374511068	179.90689625488994	
0.03322800332241194	250.0000000000006	70.09310374511068	179.90689625488994	
0.03391067151362424	250.00000000000043	70.09310374511068	179.90689625488977	
0.03452065707292631	250.00000000000037	70.09310374511065	179.90689625488977	
0.035414993583123715	250.0000000000003	71.8949378787504	178.10506212124994	
0.03571254513246058	250.0000000000003	73.41768395982433	176.58231604017604	
0.036027995917927616	250.00000000000034	75.1862792970169	174.8137207029835	
0.03613094612610192	250.00000000000028	75.18627929701684	174.8137207029835	
0.036557717388310804	250.00000000000028	75.18627929701684	174.8137207029835	
0.03688163606485774	250.0000000000003	75.62603660715159	174.3739633928488	
0.037017401852656145	250.00000000000034	76.97806369431362	173.0219363056868	
0.037918262594429764	250.00000000000026	76.97806369431362	173.02193630568672	
0.03984268614526768	250.00000000000026	76.97806369431362	173.02193630568672	
0.0403518653588581	250.00000000000026	76.97806369431362	173.02193630568672	
0.04208034842083696	250.00000000000023	76.93253902190222	173.0674609780981	
0.042287046296694726	250.0000000000002	77.60224364342865	172.39775635657165	
0.042326311002989864	250.00000000000026	75.57867484735318	174.42132515264717	
0.042390366761541905	250.00000000000026	75.57867484735318	174.42132515264717	
0.04272803885461877	250.00000000000017	75.57867484735318	174.42132515264706	
0.04277569642204049	250.00000000000014	75.98224505629197	174.01775494370824	
0.04372258997040394	250.0	75.98224505629197	174.01775494370813	
0.043786946041010716	249.99999999999991	75.82131449850611	174.1786855014939	
0.044029992908051305	249.99999999999991	75.82131449850611	174.1786855014939	
0.044148265647358874	249.9999999999999	75.58751886527335	174.41248113472662	
0.044359564049856415	249.9999999999999	75.58751886527335	174.41248113472662	
0.04541386329889466	249.9999999999999	75.58751886527335	174.41248113472662	
0.0471032443863239	249.99999999999983	76.1351957215384	173.86480427846155	
0.04799831894450886	249.99999999999983	75.65413267652048	174.34586732347947	
0.04842215018512425	249.99999999999997	77.49730205894788	172.5026979410522	
0.04911390635844412	249.99999999999997	77.49730205894788	172.5026979410522	
0.05050859839404652	249.99999999999994	77.0513032280266	172.94869677197346	
0.050894984201663634	249.99999999999994	78.13560160730017	171.86439839269988	
0.051314422689045056	249.99999999999997	77.709930751789	172.29006924821107	
0.05188117912786111	249.99999999999997	77.709930751789	172.29006924821107	
0.05385754282390677	249.99999999999997	77.709930751789	172.29006924821107	
0.054055411261166	249.99999999999997	77.709930751789	172.29006924821107	
0.05451617422390656	249.99999999999994	77.43748454077809	172.56251545922197	
0.05556162808321085	249.99999999999994	77.43748454077809	172.56251545922197	
0.05630700748524834	249.99999999999994	78.08700097166141	171.91299902833865	
0.057359265897418646	249.99999999999994	78.15175714776407	171.84824285223598	
0.05799848610540481	249.9999999999999	78.43689528200002	171.56310471799998	
0.059444066465745	249.99999999999986	78.96259405722485	171.03740594277514	
0.061107839759618504	249.99999999999983	78.96259405722483	171.03740594277514	
0.06162188805345824	249.99999999999986	78.96259405722485	171.03740594277514	
0.06175096107286058	249.99999999999977	78.96259405722478	171.03740594277514	
0.06193616100993332	249.99999999999935	78.96259405722478	171.03740594277474	
0.06214248821254387	249.99999999999935	79.42573710070154	170.57426289929796	
0.06222346178127408	249.99999999999935	79.42573710070154	170.57426289929796	
0.06233422201821469	249.9999999999994	80.36518195071325	169.6348180492863	
0.06254404738551247	249.9999999999994	82.2775708318102	167.72242916818936	
0.06255921888573654	249.9999999999995	82.04622152655814	167.95377847344147	
0.06279869110767167	249.9999999999993	82.09012677658816	167.90987322341124	
0.06339480759052533	249.99999999999946	81.22092941061959	168.77907058937998	
0.06340062838624701	249.99999999999946	80.34140901315533	169.65859098684425	
0.06379250546513307	249.99999999999946	80.552137476213	169.44786252378657	
0.06461961145028965	249.99999999999955	80.552137476213	169.44786252378665	
0.06466307905764251	249.99999999999952	80.55213747621299	169.44786252378665	
0.06474667877543952	249.99999999999952	80.55213747621299	169.44786252378665	
0.06482655961582712	249.99999999999952	80.55213747621299	169.44786252378665	
0.065046369756506	249.99999999999952	80.55213747621299	169.44786252378665	
0.06684584464440069	249.99999999999935	80.55213747621299	169.44786252378648	
0.06747682414206001	249.99999999999935	80.55213747621299	169.44786252378648	
0.06768925510634842	249.99999999999935	80.55213747621298	169.44786252378648	
0.06845930317342058	249.99999999999935	80.16482784374192	169.83517215625756	
0.0689452833587726	249.99999999999937	79.80939757930378	170.19060242069568	
0.0703086001850358	249.99999999999946	79.80939757930378	170.19060242069577	
0.07052135130230638	249.99999999999943	79.80939757930376	170.19060242069577	
0.07059488965934545	249.99999999999943	79.80939757930376	170.19060242069577	
0.07193141312327514	249.99999999999923	79.80939757930376	170.1906024206956	
0.07225972168387018	249.99999999999923	79.79042872847917	170.2095712715202	
0.07246229696049661	249.9999999999992	78.49459803165139	171.5054019683479	
0.07271724083814284	249.99999999999926	78.49459803165144	171.5054019683479	
0.07302278517826748	249.99999999999923	78.49459803165144	171.50540196834788	
0.0731613699638732	249.99999999999923	78.49459803165144	171.50540196834788	
0.07376223564424425	249.99999999999935	80.20402808401577	169.79597191598367	
0.07412963072365494	249.99999999999937	82.12077573132915	167.87922426867033	
0.0742064363396541	249.99999999999937	82.1115509758586	167.88844902414087	
0.07471119846677918	249.9999999999994	81.50119474348611	168.49880525651335	
0.07476877658379256	249.99999999999935	83.3439151561235	166.65608484387593	
0.07484204116994186	249.99999999999935	83.3439151561235	166.65608484387593	
0.07510350544118673	249.99999999999935	83.33391878264766	166.66608121735175	
0.0762220757458747	249.99999999999935	83.64607102072779	166.35392897927161	
0.07679593991490732	249.99999999999923	82.4500523979769	167.5499476020224	
0.07859854779119278	249.99999999999923	82.0771170854411	167.92288291455822	
0.07905158443702595	249.99999999999923	82.54612613445937	167.45387386553995	
0.07911380108466655	249.9999999999992	82.54612613445933	167.45387386553995	
0.07950325843488057	249.9999999999992	82.54612613445933	167.45387386553995	
0.07952439816657642	249.9999999999992	82.54612613445933	167.45387386553995	
0.08044677936218891	249.9999999999992	82.54612613445934	167.45387386553995	
0.08081261705764506	249.9999999999992	82.54612613445934	167.45387386553995	
0.08160475314262754	249.99999999999915	83.99695605408115	166.00304394591808	
0.08229385593271037	249.9999999999992	83.99695605408115	166.00304394591814	
0.08246208094159513	249.99999999999915	83.9969560540811	166.00304394591814	
0.0826661257194849	249.9999999999991	85.24081276742011	164.75918723257905	
0.08272916491248161	249.9999999999991	85.24081276742011	164.75918723257905	
0.08377196265814862	249.9999999999991	85.24081276742012	164.75918723257905	
0.08380808962052617	249.99999999999912	85.24081276742015	164.75918723257905	
0.08413820896607178	249.99999999999912	85.24081276742015	164.75918723257905	
0.08468146619951754	249.99999999999912	84.48624192596883	165.51375807403036	
0.08566624675618931	249.99999999999912	84.48624192596883	165.51375807403036	
0.0868218490367592	249.99999999999895	85.62637384264566	164.37362615735333	
0.08713512545220335	249.9999999999989	85.99349498818762	164.0065050118113	
0.08714113428959837	249.9999999999989	85.99349498818763	164.0065050118113	
0.08798343380040355	249.99999999999886	86.13268084634528	163.86731915365363	
0.08989030274810471	249.99999999999886	85.92120733783176	164.07879266216713	
0.09082144168583495	249.9999999999988	85.92120733783176	164.07879266216713	
0.09092846051576119	249.99999999999932	85.92120733783176	164.07879266216764	
0.09174876890836278	249.99999999999937	85.92120733783182	164.07879266216764	
0.09201301316834286	249.99999999999937	86.49543051427526	163.50456948572423	
0.09239867857684864	249.99999999999943	87.4019252761361	162.59807472386342	
0.09445385524554856	249.99999999999983	89.10430000997869	160.89569999002123	
0.09554857443585292	249.99999999999983	89.10430000997869	160.89569999002123	
0.09568633165382934	249.99999999999983	89.10430000997869	160.89569999002123	
0.09682708974009574	249.99999999999994	89.10430000997869	160.89569999002134	
0.09697469335978545	250.0	89.1043000099787	160.89569999002134	
0.09711172915165792	250.0000000000001	89.1043000099787	160.8956999900215	
0.09735768198224865	250.0000000000001	89.1043000099787	160.8956999900215	
0.097399236855862	250.0000000000001	88.85709379308402	161.14290620691617	
0.09768729905615799	249.9999999999999	88.85709379308402	161.14290620691594	
0.0977583117813315	249.99999999999955	89.31725491591514	160.68274508408444	
0.09805077973470736	249.99999999999955	89.31725491591514	160.68274508408444	
0.09869406849430609	249.9999999999995	89.31725491591514	160.6827450840844	
0.09898035569153837	249.9999999999995	89.31725491591514	160.6827450840844	
0.10031468456601324	249.9999999999995	90.86919860686	159.13080139313956	
0.10075650084424861	249.9999999999995	90.86919860686	159.13080139313956	
0.10192405657942469	249.99999999999926	90.86919860686	159.13080139313934	
0.10200849716505345	249.99999999999994	92.13611114571846	157.86388885428153	
0.10225295802447419	250.0	92.13611114571846	157.86388885428158	
0.10238765715375596	250.00000000000006	92.83731775671704	157.1626822432831	
0.10295381839404205	250.00000000000006	93.80511468814363	156.19488531185647	
0.10351551861098451	250.0000000000001	95.10755460017565	154.8924453998245	
0.1064207942647413	250.0000000000001	95.10755460017565	154.8924453998245	
0.10690860573367628	250.0000000000001	95.10755460017565	154.8924453998245	
0.1069289414368648	250.0000000000001	95.10755460017565	154.8924453998245	
0.10694290466044723	250.0000000000001	95.10755460017565	154.8924453998245	
0.10698185665050373	250.0000000000001	95.10755460017565	154.8924453998245	
0.10820804067837063	250.00000000000006	95.78387700393257	154.21612299606755	
0.10954639696309756	250.00000000000006	95.78387700393257	154.21612299606755	
0.10969503383030758	250.00000000000006	95.78387700393257	154.21612299606755	
0.10985758146787536	250.00000000000006	97.24372867696668	152.75627132303345	
0.11054670718765672	250.0000000000001	96.85582095896855	153.14417904103163	
0.11148000304356782	250.0000000000001	97.95568383524821	152.044316164752	
0.11199358703671311	250.0000000000001	97.95568383524821	152.044316164752	
0.11317086721176245	250.0000000000001	98.90125372752692	151.0987462724733	
0.11362392260051861	250.0000000000001	98.9012537275269	151.0987462724733	
0.11511961278384339	250.00000000000006	98.9012537275269	151.0987462724732	
0.11776859050859932	250.00000000000006	98.9012537275269	151.0987462724732	
0.11844221020939551	250.00000000000006	98.9012537275269	151.0987462724732	
0.11852564373980148	250.00000000000017	98.9012537275269	151.0987462724733	
0.11867367730102192	250.00000000000017	101.7701099950702	148.22989000493004	
0.11963225254146274	250.00000000000014	101.41939761956918	148.58060238043103	
0.11983864002940928	250.00000000000003	99.0539598212025	150.94604017879757	
0.12064855682628864	250.00000000000003	98.74832055819617	151.25167944180387	
0.12167702610585965	250.00000000000003	98.74832055819617	151.25167944180387	
0.12200479457983535	249.99999999999997	98.74832055819616	151.25167944180387	
0.1230305802261	249.99999999999997	98.74832055819616	151.25167944180387	
0.12516766917669114	249.99999999999997	98.74832055819616	151.25167944180387	
0.1256782522842719	249.99999999999997	98.74832055819616	151.25167944180387	
0.12574094461926416	249.99999999999997	97.86872316862105	152.13127683137898	
0.1257745024850504	250.00000000000003	97.86872316862105	152.13127683137904	
0.12593410475381817	250.00000000000003	97.86872316862105	152.13127683137904	
0.12658702920800388	250.00000000000003	97.86872316862105	152.13127683137904	
0.12664746970518748	249.99999999999986	97.86872316862105	152.1312768313788	
0.1273965005765252	249.99999999999986	97.86872316862105	152.1312768313788	
0.1274663481700833	249.9999999999998	98.58884564787269	151.41115435212717	
0.12801847405705194	249.9999999999998	98.58884564787269	151.41115435212717	
0.12942300738680423	249.99999999999974	98.54749009882832	151.4525099011715	
0.12955568246281024	249.99999999999974	98.54749009882829	151.4525099011715	
0.12965103303606842	249.99999999999974	98.54749009882832	151.4525099011715	
0.12999816423114155	250.00000000000014	100.05114144162366	149.94885855837654	
0.13046557688590102	250.0000000000001	101.86223701484442	148.13776298515575	
0.13063421575227416	250.00000000000006	102.55117606472876	147.44882393527138	
0.13064050740496863	250.00000000000006	102.55117606472876	147.44882393527138	
0.13100342188931624	250.00000000000009	101.10423353662708	148.89576646337306	
0.13269232181709228	250.00000000000009	101.10423353662709	148.89576646337306	
0.1329892076309262	250.00000000000009	101.10423353662709	148.89576646337306	
0.13352184644231463	250.00000000000014	101.52501148469715	148.47498851530307	
0.1340572106555832	250.00000000000026	100.11533077344295	149.88466922655735	
0.13408496717772972	250.00000000000014	100.14686159972202	149.8531384002782	
0.13450019890294565	250.00000000000026	100.14686159972202	149.8531384002783	
0.1350600565154787	250.0000000000002	99.79983878961791	150.20016121038228	
0.13544323895374177	250.00000000000026	99.79983878961791	150.2001612103824	
0.1358833723162819	250.00000000000037	101.26999243631887	148.73000756368154	
0.13611055450659384	250.00000000000043	99.58096016396452	150.41903983603592	
0.1369963866635714	250.00000000000043	99.58096016396455	150.41903983603592	
0.1373156244789162	250.00000000000054	101.4607043321631	148.53929566783748	
0.1381462953483527	250.00000000000054	101.4607043321631	148.53929566783748	
0.13869387047729162	250.00000000000054	101.4607043321631	148.53929566783748	
0.1387494502773261	250.0000000000006	101.4607043321631	148.53929566783754	
0.13939536718742584	250.00000000000077	102.91185286593652	147.08814713406426	
0.1395584826769164	250.00000000000077	103.67719042616332	146.32280957383742	
0.1414236192178827	250.00000000000074	103.58453277481495	146.4154672251858	
0.14205952993157786	250.00000000000074	103.58453277481492	146.4154672251858	
0.14242238206219146	250.00000000000074	104.5150995204881	145.4849004795126	
0.1436328698769967	250.00000000000063	103.28023513208754	146.71976486791306	
0.14471181528968416	250.00000000000074	104.83466810916677	145.1653318908339	
0.1447669431479861	250.00000000000074	104.83466810916677	145.1653318908339	
0.14502337858834868	250.00000000000074	104.68288973965264	145.31711026034804	
0.14537477736170748	250.0000000000008	104.68288973965264	145.31711026034804	
0.1465376727933786	250.00000000000097	104.68288973965284	145.31711026034804	
0.14684474192596136	250.00000000000097	104.68288973965281	145.31711026034804	
0.14793108396922394	250.00000000000097	104.31158545356735	145.68841454643353	
0.14816518459998693	250.00000000000097	104.31158545356735	145.68841454643353	
0.14891498868266556	250.0000000000009	105.20262365825735	144.79737634174347	
0.14966598156935912	250.00000000000102	105.20262365825735	144.7973763417436	
0.14986695942303324	250.00000000000102	103.80529339987825	146.19470660012274	
0.15058256152327792	250.00000000000102	104.6083030298706	145.3916969701304	
0.15076368066487877	250.00000000000108	104.99130365710349	145.0086963428975	
0.15152521673364566	250.00000000000114	105.63412619059274	144.3658738094083	
0.1517200346212707	250.0000000000012	105.63412619059282	144.3658738094083	
0.15213985662195245	250.00000000000114	105.63412619059277	144.3658738094083	
0.1522597232159906	250.00000000000114	106.2634155483537	143.7365844516474	
0.15235609938259997	250.00000000000114	106.20681652832488	143.79318347167623	
0.15525721770150597	250.00000000000114	106.2068165283249	143.79318347167623	
0.15597099695573916	250.00000000000114	106.2068165283249	143.79318347167623	
0.15687654693409575	250.0000000000012	106.20681652832492	143.79318347167623	
0.15695069603643597	250.0000000000009	107.91848239538788	142.081517604613	
0.1577782540326752	250.00000000000097	108.54344368279044	141.45655631721047	
0.15804874518912673	250.00000000000097	108.54344368279044	141.45655631721047	
0.1582750577436469	250.00000000000097	108.75514752052078	141.24485247948013	
0.15855516311220663	250.0000000000009	108.75514752052075	141.24485247948013	
0.15887632364036505	250.0000000000009	108.75514752052075	141.24485247948013	
0.15903312176987516	250.0000000000009	108.75514752052075	141.24485247948013	
0.15941724537783486	250.0000000000009	108.75514752052074	141.24485247948013	
0.1598718587567935	250.0000000000009	108.75514752052074	141.24485247948013	
0.15992187056127719	250.00000000000085	109.40928495593283	140.59071504406802	
0.16004045647754225	250.0000000000009	109.40928495593288	140.59071504406802	
0.16045204139407343	250.0000000000009	109.20207405441543	140.79792594558546	
0.16123551340610676	250.00000000000136	111.70289982686626	138.29710017313508	
0.16211343560978603	250.00000000000108	111.70289982686626	138.29710017313477	
0.16239754393352365	250.00000000000108	111.70289982686627	138.29710017313477	
0.16268275392955953	250.00000000000105	112.96991669109482	137.0300833089062	
0.162899663181355	250.00000000000105	113.03850473499253	136.9614952650085	
0.16337206572515317	250.0000000000011	113.03850473499257	136.9614952650085	
0.16406006751202365	250.0000000000011	113.03850473499257	136.9614952650085	
0.16476312728999354	250.0000000000011	113.03850473499257	136.9614952650085	
0.16606381558609035	250.0000000000011	113.03850473499257	136.9614952650085	
0.167328332050553	250.0000000000011	113.83457366976315	136.16542633023792	
0.16923312046050668	250.0000000000011	114.17232348854597	135.8276765114551	
0.1709574678800752	250.0000000000011	114.17232348854596	135.8276765114551	
0.17140833103436404	250.0000000000011	111.94566596589821	138.05433403410288	
0.17208547444822703	250.00000000000088	111.94566596589821	138.0543340341027	
0.1721539891457729	250.00000000000043	111.94566596589821	138.05433403410223	
0.17305502181098037	250.00000000000054	113.07337617365653	136.92662382634396	
0.17323355799578982	250.0000000000005	113.07337617365653	136.92662382634396	
0.17342896524451656	250.0000000000005	113.07337617365657	136.92662382634396	
0.17422173989198894	250.0000000000005	113.07337617365657	136.92662382634396	
0.17579177943075008	250.0000000000005	113.07337617365657	136.92662382634396	
0.17596479822496325	250.00000000000057	113.07337617365661	136.92662382634396	
0.17603236605001638	250.00000000000063	113.07337617365665	136.92662382634396	
0.1765314470758061	250.00000000000068	113.07337617365674	136.92662382634396	
0.17717716194280927	250.00000000000074	113.07337617365678	136.92662382634396	
0.1777684591108823	250.0000000000008	113.33537414740633	136.66462585259447	
0.17801866661915605	250.0000000000007	113.75426627273829	136.2457337272624	
0.17836242129852992	250.00000000000065	113.75267276377615	136.24732723622452	
0.179100528172498	250.00000000000065	113.75267276377615	136.24732723622452	
0.17919618677474217	250.00000000000065	113.75267276377615	136.24732723622452	
0.17954091742824407	250.00000000000065	113.75267276377615	136.24732723622452	
0.17954941404085895	250.00000000000068	113.75267276377615	136.24732723622452	
0.17957606939901757	250.00000000000068	113.75267276377615	136.24732723622452	
0.18025054698428336	250.00000000000068	113.75267276377615	136.24732723622452	
0.18172167364961206	250.00000000000068	113.75267276377615	136.24732723622452	
0.18249379226288814	250.00000000000068	113.75267276377615	136.24732723622452	
0.18250373982523133	250.00000000000045	112.30432448185444	137.69567551814603	
0.1831723637174283	250.0000000000005	113.86454337235361	136.1354566276469	
0.18333186746256785	250.00000000000048	112.27871161831703	137.72128838168345	
0.18457966702809178	250.00000000000048	112.27871161831703	137.72128838168345	
0.18496192814597473	250.00000000000048	112.27871161831705	137.72128838168345	
0.1851446185744858	250.00000000000054	112.27871161831706	137.72128838168345	
0.18591831849889934	250.00000000000048	112.27871161831705	137.72128838168345	
0.1860559904690918	250.00000000000034	112.27871161831705	137.7212883816833	
0.18703267583821245	250.00000000000034	112.27871161831702	137.7212883816833	
0.18783982345936484	250.00000000000034	112.27871161831702	137.7212883816833	
0.18787216663011322	250.00000000000017	112.27871161831702	137.72128838168317	
0.18868143966074688	250.0000000000002	112.76521666848632	137.23478333151388	
0.18894046616300253	250.0000000000002	112.76521666848632	137.23478333151388	
0.18912013152577556	250.00000000000006	113.24497555565632	136.7550244443438	
0.1899775076250154	250.00000000000017	114.79366801429451	135.2063319857057	
0.1900299096099583	250.00000000000014	114.50510215171668	135.49489784828347	
0.19031026958687244	249.9999999999998	115.4783930884677	134.52160691153213	
0.19039170932059946	249.9999999999998	115.4783930884677	134.52160691153213	
0.19071231899835864	249.9999999999998	115.4783930884677	134.52160691153213	
0.19072474779169862	249.99999999999974	115.47839308846767	134.52160691153213	
0.1907735643876648	249.99999999999974	115.47839308846767	134.52160691153213	
0.19078734451894017	249.9999999999998	113.78233486943894	136.21766513056087	
0.191611016504762	249.9999999999998	113.78233486943894	136.21766513056087	
0.19209665877224308	249.9999999999998	113.78233486943894	136.21766513056087	
0.19237967145452955	250.00000000000003	115.14125004918915	134.85874995081093	
0.19522424358434431	250.00000000000003	115.14125004918915	134.85874995081093	
0.19573012336389561	250.0000000000003	116.68232567450579	133.3176743254946	
0.19576622167811417	250.00000000000026	116.6823256745057	133.3176743254946	
0.19583399574726262	250.00000000000037	116.6823256745057	133.3176743254947	
0.19620911626260532	250.00000000000054	116.6823256745057	133.3176743254949	
0.1968461053540355	250.00000000000026	116.25062458623785	133.74937541376246	
0.19756001739172657	250.00000000000026	116.25062458623785	133.74937541376246	
0.19814460721931734	250.00000000000023	115.19928460987356	134.80071539012675	
0.1987889086024494	250.00000000000017	115.90662642126149	134.09337357873878	
0.19889273736344198	250.00000000000014	115.78969083386458	134.21030916613563	
0.1989712056375389	250.00000000000014	115.78969083386458	134.21030916613563	
0.19957526408142784	250.0000000000002	115.78969083386463	134.21030916613563	
0.20053429597134556	250.0000000000002	115.78969083386463	134.21030916613563	
0.20115493613680163	250.0000000000002	115.78969083386463	134.21030916613563	
0.20211682894592187	250.00000000000017	115.11458139862378	134.88541860137644	
0.20257273540702747	250.00000000000017	115.11458139862378	134.88541860137644	
0.20262833944213474	250.00000000000006	117.80064767133487	132.1993523286653	
0.20351459675177488	250.0000000000001	117.56679456603375	132.43320543396644	
0.20414481564596756	250.00000000000045	118.81861607026654	131.18138392973404	
0.20445374176269399	250.00000000000045	118.81861607026656	131.18138392973404	
0.20510105396911454	250.00000000000074	118.21952417970793	131.7804758202929	
0.20520840357346395	250.00000000000074	118.38663860116719	131.61336139883366	
0.20550591792443115	250.00000000000074	119.69933776456134	130.30066223543952	
0.20599334367085212	250.00000000000077	120.3231690758433	129.6768309241576	
0.20718058016063134	250.00000000000077	120.3231690758433	129.6768309241576	
0.20767679264045777	250.0000000000006	120.32316907584313	129.6768309241576	
0.2082633420649084	250.00000000000037	118.36652279962453	131.63347720037592	
0.20847046798016416	250.00000000000043	117.63613551780875	132.3638644821917	
0.209206087443455	250.00000000000043	117.07672003578597	132.92327996421452	
0.2093181174548607	250.0000000000005	116.75017229653722	133.24982770346332	
0.21202288038648426	250.0000000000005	116.75017229653722	133.24982770346332	
0.21206058463506847	250.0000000000005	116.75017229653722	133.24982770346332	
0.21245945245636888	250.0000000000004	117.41228004700142	132.58771995299904	
0.21328954898093078	250.0000000000004	117.41228004700142	132.58771995299904	
0.21436648776801465	250.00000000000057	118.02628770047814	131.97371229952253	
0.21537007068522926	250.00000000000026	118.02628770047814	131.97371229952228	
0.21562208243541436	250.00000000000026	118.02628770047814	131.97371229952228	
0.21623666183353077	250.00000000000026	117.53735091241715	132.46264908758326	
0.21785094763934734	250.0000000000003	118.35224954922629	131.64775045077417	
0.2181906093291397	250.00000000000054	119.3074006204438	130.69259937955692	
0.21839052791258223	250.00000000000057	118.42895920545925	131.5710407945415	
0.2193401298670812	250.0000000000008	118.42895920545946	131.5710407945415	
0.2200851139935725	250.00000000000037	118.42895920545946	131.57104079454106	
0.22020706332884885	250.00000000000034	118.43709151909597	131.56290848090455	
0.22030675658463256	250.00000000000034	118.42972419122502	131.5702758087755	
0.22057420628461966	250.00000000000034	118.42972419122502	131.5702758087755	
0.2223759757617898	250.00000000000037	120.41759298869236	129.58240701130822	
0.22259688348872272	250.00000000000028	120.41759298869236	129.58240701130816	
0.22264209634357882	250.00000000000028	120.41759298869236	129.58240701130816	
0.2233799271136698	250.00000000000023	119.84196806855867	130.1580319314418	
0.22344331750040572	250.00000000000026	120.22962919022744	129.77037080977308	
0.2234501087958079	250.00000000000009	120.2296291902273	129.77037080977308	
0.22345717348645217	250.00000000000009	119.64242416356556	130.3575758364348	
0.2239777489820213	250.00000000000009	119.6424241635656	130.3575758364348	
0.22458401614752846	250.0000000000001	119.258492138287	130.7415078617134	
0.22495152615317854	250.00000000000003	118.7261713247842	131.27382867521607	
0.22521121549983003	250.00000000000003	118.7261713247842	131.27382867521607	
0.22528156441555197	250.00000000000003	118.72617132478423	131.27382867521607	
0.22603931222136417	250.0	118.48314829012294	131.51685170987733	
0.22654869945320008	250.00000000000009	117.99881917985478	132.00118082014558	
0.22694281833615948	250.00000000000009	117.99881917985478	132.00118082014558	
0.22705107167377414	250.00000000000009	117.99881917985478	132.00118082014558	
0.22706352971045765	250.00000000000009	117.99881917985478	132.00118082014558	
0.22822391452784774	250.00000000000037	117.99881917985503	132.00118082014558	
0.22939318861945415	250.00000000000037	117.99881917985506	132.00118082014558	
0.2295964852767432	250.00000000000034	117.59272229049475	132.40727770950585	
0.23052828453584046	250.00000000000034	117.59272229049475	132.40727770950585	
0.23080635757731904	250.00000000000068	117.59272229049506	132.40727770950585	
0.23085564664522984	250.00000000000068	117.90935667357873	132.09064332642217	
0.23291975567987577	250.00000000000068	117.90935667357873	132.09064332642217	
0.2329673180869318	250.00000000000063	118.57818010039101	131.4218198996099	
0.23310934775853961	250.00000000000068	118.57818010039108	131.4218198996099	
0.23432526514024632	250.00000000000065	118.57818010039108	131.4218198996098	
0.2346104710008106	250.00000000000065	118.57818010039108	131.4218198996098	
0.23550475145422906	250.00000000000043	116.91342745562267	133.08657254437801	
0.235909635042657	250.00000000000043	115.35998366236598	134.64001633763465	
0.23600800950853057	250.00000000000037	115.76605257173918	134.23394742826142	
0.23803349511853827	250.00000000000037	115.76605257173918	134.23394742826142	
0.23860721042235156	250.00000000000037	115.76605257173915	134.23394742826142	
0.24017549216977638	250.00000000000037	117.15652550612096	132.8434744938796	
0.2402342998379507	250.00000000000034	118.40214673699131	131.59785326300923	
0.2406643103473315	250.00000000000034	119.26713295208322	130.73286704791732	
0.24174149002400616	250.00000000000034	119.60876134735803	130.3912386526425	
0.24212154047065543	250.0000000000004	119.95965645825137	130.0403435417492	
0.2425329660325148	250.00000000000068	122.89264898219577	127.10735101780506	
0.2430961643312135	250.00000000000077	122.50852576894735	127.49147423105353	
0.24319987509294028	250.00000000000077	122.49445791333576	127.50554208666512	
0.24340578935495016	250.0000000000006	121.37686098918064	128.6231390108201	
0.24344041217493934	250.00000000000063	122.94402510225493	127.05597489774583	
0.24384201997222502	250.00000000000068	122.94402510225498	127.05597489774583	
0.24431677930247264	250.00000000000065	123.45976479509875	126.54023520490207	
0.24452126609618488	250.00000000000077	123.61764162409493	126.38235837590598	
0.24490377666035734	250.00000000000088	123.61764162409506	126.38235837590598	
0.2449345879739155	250.0000000000009	123.61764162409506	126.382358375906	
0.2456524932773529	250.0000000000009	123.61764162409506	126.382358375906	
0.24569050848046967	250.0000000000009	123.61764162409506	126.382358375906	
0.24667787762210608	250.00000000000088	123.18754212270419	126.81245787729685	
0.246704051505167	250.0000000000009	122.05041320746474	127.9495867925363	
0.2470478558701705	250.00000000000088	119.456897618835	130.543102381166	
0.24873550128163582	250.00000000000088	119.3641077763686	130.6358922236324	
0.24956528181407597	250.00000000000094	119.11527028723154	130.88472971276954	
0.24981566864435992	250.00000000000094	119.11527028723154	130.88472971276954	
0.24984177263172516	250.0000000000007	119.11527028723128	130.88472971276954	
0.2506144194457335	250.0000000000006	119.11527028723128	130.88472971276946	
0.2507819042818822	250.00000000000057	119.11527028723125	130.88472971276946	
0.2510926841954096	250.00000000000057	119.11527028723125	130.88472971276946	
0.2513785969732038	250.00000000000054	119.51568451377037	130.48431548623032	
0.25143508335540826	250.00000000000054	119.64326939001896	130.35673060998175	
0.2525738842155153	250.00000000000054	119.64326939001896	130.35673060998175	
0.2530789481421745	250.00000000000054	119.64326939001896	130.35673060998175	
0.2532299849322916	250.0000000000005	121.58919324854737	128.41080675145332	
0.2535772751715477	250.00000000000043	121.58919324854737	128.41080675145324	
0.25523057964194984	250.00000000000043	121.58919324854737	128.41080675145324	
0.2555169638235935	250.00000000000045	121.5891932485474	128.41080675145324	
0.2561620133727743	250.00000000000045	121.22981532646217	128.77018467353847	
0.25666253690627866	250.0000000000004	122.39958145258456	127.60041854741603	
0.2571786946469216	250.0000000000004	123.86889806703255	126.13110193296801	
0.2604589825961666	250.00000000000037	124.19506520665662	125.80493479334386	
0.26079719757868397	250.0000000000004	124.19506520665665	125.80493479334386	
0.26086784554555686	250.0000000000004	124.19506520665665	125.80493479334385	
0.2618548490094183	250.0000000000002	124.19506520665645	125.80493479334385	
0.26202049802487504	249.99999999999986	125.8628922855227	124.13710771447728	
0.26207106064126123	249.99999999999991	125.86289228552276	124.13710771447728	
0.2621537904145538	249.99999999999991	125.98775934730699	124.0122406526931	
0.26223552806911793	249.99999999999991	125.98775934730699	124.0122406526931	
0.2623854983313041	250.0	127.0059239062895	122.99407609371065	
0.2637364979293527	250.0	127.0059239062895	122.99407609371063	
0.2642550809843173	250.0	127.0059239062895	122.99407609371063	
0.26687041030084335	250.00000000000014	124.30207487872651	125.69792512127374	
0.2668930207888319	250.0000000000001	124.3020748787265	125.69792512127374	
0.26702463717052083	250.0000000000001	124.3020748787265	125.69792512127374	
0.26734099700737407	250.0000000000001	124.3020748787265	125.69792512127374	
0.26839609881508	250.0000000000001	124.30207487872649	125.69792512127374	
0.26846503522481335	250.0000000000001	124.3020748787265	125.69792512127374	
0.2688374020590064	250.00000000000009	121.78686598910056	128.21313401089967	
0.27102755497131803	250.0000000000007	124.59845688348233	125.40154311651851	
0.2722824987242449	250.00000000000048	124.59845688348233	125.40154311651825	
0.2726965917445967	250.00000000000048	124.52574141081979	125.47425858918079	
0.27281974716878044	250.0000000000006	124.09121679712936	125.9087832028713	
0.27298267841563667	250.0000000000006	124.09121679712936	125.9087832028713	
0.27327524269843695	250.0000000000006	124.14171424896107	125.85828575103959	
0.27523363674214146	250.00000000000054	124.14171424896105	125.85828575103959	
0.2758726815716347	250.00000000000057	124.14171424896105	125.85828575103959	
0.2766393944989635	250.0000000000003	121.72050325876302	128.2794967412374	
0.2769764413255601	249.99999999999994	121.72050325876302	128.27949674123704	
0.2773103775734562	249.99999999999994	121.72050325876302	128.27949674123704	
0.27745742678952656	249.99999999999994	121.720503258763	128.27949674123704	
0.27877958691754934	249.99999999999991	123.61203430952744	126.38796569047257	
0.2793487460144517	249.99999999999991	123.61203430952744	126.38796569047256	
0.2795506921610258	249.99999999999991	123.61203430952744	126.38796569047256	
0.27965562052508397	249.99999999999991	124.03622967676017	125.96377032323986	
0.27978342195042327	249.99999999999997	122.48086788383009	127.51913211616997	
0.28095160343388104	249.99999999999997	122.2869054064097	127.71309459359037	
0.281473649679945	249.9999999999998	122.28690540640955	127.71309459359037	
0.28206374754754077	249.99999999999972	120.73832929685696	129.26167070314287	
0.28253215142226334	249.99999999999972	120.20445161962053	129.7955483803793	
0.2825760879332001	249.99999999999966	120.20445161962043	129.7955483803793	
0.28329611615717	249.99999999999955	119.2324959292758	130.76750407072385	
0.28338875063564684	249.99999999999955	119.23249592927579	130.76750407072385	
0.2835052990430714	249.99999999999955	120.21228146858103	129.78771853141862	
